{
    "is_updated": false, 
    "data": [
        {
            "pk": 14, 
            "position": {
                "s_y": 0.89111012345679, 
                "s_x": 0.3906666692097982, 
                "f_x": 0.10333333333333333, 
                "f_y": 0.540408255081139
            }
        }, 
        {
            "pk": 15, 
            "position": {
                "s_y": 0.8611279012345678, 
                "s_x": 0.8890000025431315, 
                "f_x": 0.5991666666666666, 
                "f_y": 0.5139871604938271
            }
        }, 
        {
            "pk": 16, 
            "position": {
                "s_y": 0.4333392592592593, 
                "s_x": 0.6173333358764649, 
                "f_x": 0.365, 
                "f_y": 0.14098567901234563
            }
        }
    ]
}