{
    "is_updated": false, 
    "data": [
        {
            "pk": 10, 
            "position": {
                "s_y": 0.5895833333333333, 
                "s_x": 0.35859375, 
                "f_x": 0.20234375, 
                "f_y": 0.38125
            }
        }, 
        {
            "pk": 11, 
            "position": {
                "s_y": 0.9375, 
                "s_x": 0.75859375, 
                "f_x": 0.60234375, 
                "f_y": 0.7291666666666666
            }
        }, 
        {
            "pk": 12, 
            "position": {
                "s_y": 0.6770833333333334, 
                "s_x": 0.81640625, 
                "f_x": 0.66015625, 
                "f_y": 0.46875
            }
        }, 
        {
            "pk": 13, 
            "position": {
                "s_y": 0.26875, 
                "s_x": 0.77109375, 
                "f_x": 0.61484375, 
                "f_y": 0.06041666666666667
            }
        }
    ]
}