{
    "is_updated": false, 
    "data": [
        {
            "pk": 26, 
            "position": {
                "s_y": 0.6266666666666667, 
                "s_x": 0.5966666666666667, 
                "f_x": 0.39666666666666667, 
                "f_y": 0.3566666666666667
            }
        }, 
        {
            "pk": 27, 
            "position": {
                "s_y": 0.9944444444444445, 
                "s_x": 0.3725, 
                "f_x": 0.1325, 
                "f_y": 0.7324444580078125
            }
        }, 
        {
            "pk": 28, 
            "position": {
                "s_y": 0.9933333333333333, 
                "s_x": 0.7958333333333333, 
                "f_x": 0.5658333333333333, 
                "f_y": 0.7746666802300347
            }
        }
    ]
}