{
    "is_updated": false, 
    "data": [
        {
            "pk": 26, 
            "position": {
                "s_y": 0.5733333333333334, 
                "s_x": 0.6220833333333333, 
                "f_x": 0.4170833333333333, 
                "f_y": 0.3
            }
        }, 
        {
            "pk": 27, 
            "position": {
                "s_y": 0.9311111111111111, 
                "s_x": 0.45708333333333334, 
                "f_x": 0.21541666666666667, 
                "f_y": 0.6088888888888889
            }
        }, 
        {
            "pk": 28, 
            "position": {
                "s_y": 0.9161111111111111, 
                "s_x": 0.8258333333333333, 
                "f_x": 0.5954166666666667, 
                "f_y": 0.6088888888888889
            }
        }
    ]
}