{
    "is_updated": false, 
    "data": [
        {
            "pk": 29, 
            "position": {
                "s_y": 0.5872222222222222, 
                "s_x": 0.7158333333333333, 
                "f_x": 0.4945833333333333, 
                "f_y": 0.2922222222222222
            }
        }, 
        {
            "pk": 30, 
            "position": {
                "s_y": 0.9555555555555556, 
                "s_x": 0.54375, 
                "f_x": 0.29291666666666666, 
                "f_y": 0.6211111111111111
            }
        }, 
        {
            "pk": 31, 
            "position": {
                "s_y": 0.9477777777777778, 
                "s_x": 0.9079166666666667, 
                "f_x": 0.6779166666666666, 
                "f_y": 0.6411111111111111
            }
        }
    ]
}